latitude,longitude,uuid,kreis_name,kreis_schluessel,gemeindeverband_name,gemeindeverband_schluessel,gemeinde_name,gemeinde_schluessel,strasse_name,strasse_schluessel,sparte,von,nach,baubeginn,bauende,verkehrsbeeintraechtigungen,baumassnahme
54.1071421904233,12.1144814499233,0007c169-a07c-43fa-960c-de55738ddddc,Rostock,"13003","Rostock, Hanse- und Universitätsstadt","130030000","Rostock, Hanse- und Universitätsstadt","130030000000",Pressentinstr.,"07720",Stromnetz,,,2024-03-11 07:00:00+01,2024-03-22 18:00:00+01,"Sicherungsmaßnahmen entlang der Straße, Vollsperrung",Herstellung MS-Anschluss
54.0892824290867,12.1119943935029,063a229c-db25-45af-9fba-8d963b287910,Rostock,"13003","Rostock, Hanse- und Universitätsstadt","130030000","Rostock, Hanse- und Universitätsstadt","130030000000",Budapester Str.,"01640",Fernwärmeleitung,"21",,2024-03-04 07:00:00+01,2024-04-12 17:00:00+02,"Sicherungsmaßnahmen entlang der Straße, Verkehrsraumeinschränkungen",FW-Leitung i.a. der Hanseatic
54.0682097108671,12.0782637209127,07165e95-4e5f-429c-88b6-125d261cbcda,Rostock,"13003","Rostock, Hanse- und Universitätsstadt","130030000","Rostock, Hanse- und Universitätsstadt","130030000000",Satower Str.,"08180",Grünpflege,"56","65",2024-03-07 07:00:00+01,2024-03-31 15:00:00+02,"halbseitige Sperrung, Sicherungsmaßnahmen entlang der Straße",Baumpflanzung
54.1743029644474,12.0819276424144,077f9448-c35e-4074-8491-7d142045a8db,Rostock,"13003","Rostock, Hanse- und Universitätsstadt","130030000","Rostock, Hanse- und Universitätsstadt","130030000000",Am Markt,"00460",Wasserleitung,"6",,2024-03-06 07:00:00+01,2024-03-28 18:00:00+01,"Sicherungsmaßnahmen entlang der Straße, Sicherungsmaßnahmen entlang des Gehwegs",Einbau Trinkwasserschieber
54.0826276149368,12.1265417827719,0c04e4b5-6e82-49b6-8b60-1c2cf9c1b1cf,Rostock,"13003","Rostock, Hanse- und Universitätsstadt","130030000","Rostock, Hanse- und Universitätsstadt","130030000000",Klopstockstr.,"06070",Gebäudesanierung,"5",,2024-01-08 00:00:00+01,2024-03-30 00:00:00+01,,
54.0741728299824,12.1238604898292,0c122d6b-a6bd-4c41-b25b-09fe10a23a2e,Rostock,"13003","Rostock, Hanse- und Universitätsstadt","130030000","Rostock, Hanse- und Universitätsstadt","130030000000",Ziolkowskistr.,"09920",Wasserleitung,,,2023-03-06 00:00:00+01,2024-04-20 00:00:00+02,"Sicherungsmaßnahmen entlang der Straße, Sicherungsmaßnahmen entlang des Gehwegs, Vollsperrung",Sanierung Mischwasser- und Trinkwasserleitung
54.1474655409546,12.0655871326014,0cfabba6-211c-42b0-b10c-3f2c6b2103e0,Rostock,"13003","Rostock, Hanse- und Universitätsstadt","130030000","Rostock, Hanse- und Universitätsstadt","130030000000",Flensburger Str.,"01930",Hochbau,"25","26",2023-11-22 07:00:00+01,2024-04-02 17:00:00+02,"Sicherungsmaßnahmen entlang der Straße, Verkehrsraumeinschränkungen",Containerstellung
54.0892834499766,12.117999506669,0ef388ff-b053-435d-bf5a-6428462a2ff5,Rostock,"13003","Rostock, Hanse- und Universitätsstadt","130030000","Rostock, Hanse- und Universitätsstadt","130030000000",Leonhardstr.,"06550",Gebäudesanierung,"12",,2024-02-15 00:00:00+01,2024-03-31 00:00:00+01,,
54.1351781362304,12.0934629085006,150a9ed8-a7b1-4bf1-8e3f-95e569f480e6,Rostock,"13003","Rostock, Hanse- und Universitätsstadt","130030000","Rostock, Hanse- und Universitätsstadt","130030000000",Schmarl-Dorf,"08280",Straßenbau,,,2024-01-01 00:00:00+01,2025-01-01 00:00:00+01,"Sicherungsmaßnahmen entlang der Straße, Verkehrsraumeinschränkungen",Wartungs- und Instandsetzungsarbeiten innerhalb der konzessionierten Strecke
54.0612802865059,12.1043675672831,1518bc0a-8514-4dc5-ba99-548d2ace90c4,Rostock,"13003","Rostock, Hanse- und Universitätsstadt","130030000","Rostock, Hanse- und Universitätsstadt","130030000000",Am Dorfteich,"00370",Wasserleitung,"2","3",2024-03-11 08:00:00+01,2024-03-21 17:00:00+01,"Sicherungsmaßnahmen entlang der Straße, Verkehrsraumeinschränkungen",Verlegung Hausanschluss
54.1055911002049,12.1640395257788,1524e4c2-3f1b-456c-a7d8-e67b81714a9c,Rostock,"13003","Rostock, Hanse- und Universitätsstadt","130030000","Rostock, Hanse- und Universitätsstadt","130030000000",Lorenzstr.,"03530",Grünpflege,Kurt-Schumacher-Ring (00220),,2024-01-29 07:00:00+01,2024-03-28 17:00:00+01,"halbseitige Sperrung, Sicherungsmaßnahmen entlang der Straße, Sicherungsmaßnahmen entlang des Gehwegs","Grünraumarbeiten, Sanierung Außenanlagen"
54.0893033416956,12.1089907488098,1a589275-aebe-497f-b981-1e8f09b81473,Rostock,"13003","Rostock, Hanse- und Universitätsstadt","130030000","Rostock, Hanse- und Universitätsstadt","130030000000",Waldemarstr.,"09410",Straßenbau,"20","34",2024-03-04 07:00:00+01,2024-03-28 18:00:00+01,"halbseitige Sperrung, Sicherungsmaßnahmen entlang der Straße, Sicherungsmaßnahmen entlang des Gehwegs, Sperrung des Fußgängerverkehrs im Gehwegbereich",Schutzrohrverlegung
54.1457065728016,12.0605207230799,1a818a7f-222f-46a3-a292-52f5cff9602e,Rostock,"13003","Rostock, Hanse- und Universitätsstadt","130030000","Rostock, Hanse- und Universitätsstadt","130030000000",Möllner Str.,"00600",Straßenbau,"10",12b,2024-02-12 07:00:00+01,2024-09-30 15:00:00+02,"halbseitige Sperrung, Sicherungsmaßnahmen entlang der Straße",Herstellung Gehweg und Parkflächen
54.0906133343886,12.110921484551,1f97f045-97ba-4702-96bb-50b5f04a685e,Rostock,"13003","Rostock, Hanse- und Universitätsstadt","130030000","Rostock, Hanse- und Universitätsstadt","130030000000",Am Kabutzenhof,"00420",Fernwärmeleitung,Doberaner Str. (01860),Waldemarstr. (09410),2023-09-25 00:00:00+02,2024-03-29 00:00:00+01,"Sicherungsmaßnahmen entlang der Straße, Sicherungsmaßnahmen entlang des Gehwegs, Verkehrsraumeinschränkungen",Fernwärmeerweiterung
54.1420427163867,12.1691088238482,2003d4a6-924f-4eb6-9e7b-039f26992265,Rostock,"13003","Rostock, Hanse- und Universitätsstadt","130030000","Rostock, Hanse- und Universitätsstadt","130030000000",Hanseatenstr.,"10490",Kabelnetz,"2",,2024-01-15 00:00:00+01,2024-03-29 00:00:00+01,"Sicherungsmaßnahmen entlang der Straße, Sicherungsmaßnahmen entlang des Gehwegs, Verkehrsraumeinschränkungen",LWL- Verlegung im Gehweg und Grünstreifen
54.1292859789434,12.0826637379527,20efb484-80cc-447e-87d2-68c799cf0903,Rostock,"13003","Rostock, Hanse- und Universitätsstadt","130030000","Rostock, Hanse- und Universitätsstadt","130030000000",Gewerbestr.,"10130",Gasleitung,Industriestr. (04010),,2023-09-25 07:00:00+02,2024-03-29 00:00:00+01,"Sicherungsmaßnahmen entlang der Straße, Vollsperrung",Ausbau Gewerbestraße mit Zufahrt CNG-Tankstelle
54.1512084353231,12.0120276853359,213dfb0b-ea9e-419d-ba9c-3795fae92d0e,,,,,,,,,Straßenbau,Ortsumgehung Elmenhorst,,2022-11-01 00:00:00+01,2024-11-30 00:00:00+01,sonstige Sperrung,Straßenneubau
54.0828122508994,12.1263261799458,2260529c-c61d-4e22-9e5e-88f0669539cd,Rostock,"13003","Rostock, Hanse- und Universitätsstadt","130030000","Rostock, Hanse- und Universitätsstadt","130030000000",Klopstockstr.,"06070",Telefonnetz,,,2024-03-18 07:00:00+01,2024-04-26 18:00:00+02,Sicherungsmaßnahmen entlang des Gehwegs,Tiefbauarbeiten für Breitbandausbau
54.0887143547367,12.0977156214288,226a69db-fee4-4aae-be29-596fa11cb51e,Rostock,"13003","Rostock, Hanse- und Universitätsstadt","130030000","Rostock, Hanse- und Universitätsstadt","130030000000",Lüneburger Str.,"06780",Gebäudesanierung,,,2024-04-22 00:00:00+02,2024-05-25 00:00:00+02,,
54.1016171415212,12.1557834660993,232fff0c-c577-499c-8084-520b52ce5798,Rostock,"13003","Rostock, Hanse- und Universitätsstadt","130030000","Rostock, Hanse- und Universitätsstadt","130030000000",Dierkower Höhe,"01830",Straßenbau,,,2024-03-04 07:00:00+01,2024-12-20 18:00:00+01,"Sicherungsmaßnahmen entlang der Straße, Sicherungsmaßnahmen entlang des Gehwegs",Sanierung Gehweg
54.0835221300823,12.1258076247385,28dadafb-b1ec-4f7e-bffb-59dd0d6c08fc,Rostock,"13003","Rostock, Hanse- und Universitätsstadt","130030000","Rostock, Hanse- und Universitätsstadt","130030000000",St.-Georg-Str.,"02590",Fernwärmeleitung,"57","59",2024-03-18 07:00:00+01,2024-04-26 16:00:00+02,"Sicherungsmaßnahmen entlang der Straße, Sicherungsmaßnahmen entlang des Gehwegs, Verkehrsraumeinschränkungen",Fernwärme
54.0869329654086,12.1099088900685,2a7c5efe-1d0e-4924-a999-9c56cbd86f1f,Rostock,"13003","Rostock, Hanse- und Universitätsstadt","130030000","Rostock, Hanse- und Universitätsstadt","130030000000",Ulmenstr.,"02400",Gebäudesanierung,"69",,2023-08-31 00:00:00+02,2024-09-28 00:00:00+02,"Sicherungsmaßnahmen entlang der Straße, Sicherungsmaßnahmen entlang des Gehwegs",Sanierung Altbau
54.1353326439904,12.0837188408431,2e668218-272c-45d2-9568-e1ddccba43ce,Rostock,"13003","Rostock, Hanse- und Universitätsstadt","130030000","Rostock, Hanse- und Universitätsstadt","130030000000",B105,B0105,Straßenbau,,,2024-01-01 00:00:00+01,2025-01-01 00:00:00+01,"Sicherungsmaßnahmen entlang der Straße, Verkehrsraumeinschränkungen",Wartungs- und Instandsetzungsarbeiten an Wechselverkehrszeichen (WVZ) - AQ0 und AQ1
54.1249878337207,12.0584245890235,2fd0c2fd-2920-448a-adbb-62d1e5a24bb1,Rostock,"13003","Rostock, Hanse- und Universitätsstadt","130030000","Rostock, Hanse- und Universitätsstadt","130030000000",Martin-Andersen-Nexö-Ring,"06810",Straßenbau,"9",9b,2023-05-15 00:00:00+02,2025-04-01 00:00:00+02,,
54.1360468683373,12.0691391684476,34d2b86c-6fab-4c9c-bd1f-dec3acf178b7,Rostock,"13003","Rostock, Hanse- und Universitätsstadt","130030000","Rostock, Hanse- und Universitätsstadt","130030000000",Kolumbusring,"07130",Hochbau,"43",,2023-11-14 00:00:00+01,2025-01-01 00:00:00+01,"halbseitige Sperrung, Sicherungsmaßnahmen entlang der Straße, Sicherungsmaßnahmen entlang des Gehwegs",Neubau Wohnhaus
54.0838959999492,12.1413814654317,3565d7f2-a051-433c-bb9d-e6b63ea689f4,Rostock,"13003","Rostock, Hanse- und Universitätsstadt","130030000","Rostock, Hanse- und Universitätsstadt","130030000000",Richard-Wagner-Str.,"07920",Fernwärmeleitung,"5",,2024-03-11 07:00:00+01,2024-04-19 17:00:00+02,"Sicherungsmaßnahmen entlang der Straße, Sicherungsmaßnahmen entlang des Gehwegs",Hausanschluss Fernwärme
54.0955497577446,12.0875864676481,3630144c-006a-43fb-90bf-1ad3158103dd,Rostock,"13003","Rostock, Hanse- und Universitätsstadt","130030000","Rostock, Hanse- und Universitätsstadt","130030000000",Kuphalstr.,"06340",Straßenbau,Ulrich-von-Hutten-Str. (09090),Hamburger Str. (03270),2023-08-07 00:00:00+02,2024-05-01 00:00:00+02,"Sicherungsmaßnahmen entlang der Straße, Sicherungsmaßnahmen entlang des Gehwegs, Sperrung des Fußgängerverkehrs im Gehwegbereich, Verkehrsraumeinschränkungen",Gehwegsanierung und Verkehrsberuhigung
54.0826882849071,12.124716087746,37876a9a-977c-4541-9db4-781336eaa610,Rostock,"13003","Rostock, Hanse- und Universitätsstadt","130030000","Rostock, Hanse- und Universitätsstadt","130030000000",Wächterstr.,"09390",Fernwärmeleitung,"1","10",2024-02-21 00:00:00+01,2024-06-01 00:00:00+02,"halbseitige Sperrung, Sicherungsmaßnahmen entlang der Straße, Sicherungsmaßnahmen entlang des Gehwegs, Sperrung des Fußgängerverkehrs im Gehwegbereich, Vollsperrung",Neubau Fernwärmeleitung -abschnittsweise-
54.0839856574026,12.1323702487582,38fd502b-851a-4119-b193-47dc922b9e47,Rostock,"13003","Rostock, Hanse- und Universitätsstadt","130030000","Rostock, Hanse- und Universitätsstadt","130030000000",Augustenstr.,"00970",Gebäudesanierung,"89","88",2023-08-21 00:00:00+02,2024-05-01 00:00:00+02,,
54.0870860898353,12.1506278463281,39db31b3-5a29-43b4-b6a9-4150ca7b0fcd,Rostock,"13003","Rostock, Hanse- und Universitätsstadt","130030000","Rostock, Hanse- und Universitätsstadt","130030000000",Gerbergrabenweg,"13850",Straßenbau,"7","8",2024-02-26 00:00:00+01,2024-03-29 00:00:00+01,"Sicherungsmaßnahmen entlang der Straße, Sicherungsmaßnahmen entlang des Gehwegs, Verkehrsraumeinschränkungen",Gehwegsanierung
54.0775929584489,12.116731612449,3b73cebc-3598-4faa-bc05-97a8f0dc68f4,Rostock,"13003","Rostock, Hanse- und Universitätsstadt","130030000","Rostock, Hanse- und Universitätsstadt","130030000000",Erich-Schlesinger-Str.,"02030",Hochbau,"24",,2023-10-30 00:00:00+01,2024-03-30 00:00:00+01,,
54.1126475148432,12.111343673855,3c007abc-f63e-42cf-ab60-fd492b63aefb,Rostock,"13003","Rostock, Hanse- und Universitätsstadt","130030000","Rostock, Hanse- und Universitätsstadt","130030000000",Am Hechtgraben,"10040",Telefonnetz,,,2024-03-04 07:00:00+01,2024-04-30 18:00:00+02,"Sicherungsmaßnahmen entlang der Straße, Sicherungsmaßnahmen entlang des Gehwegs, Verkehrsraumeinschränkungen",Breitbandausbau
54.0782722564384,12.0995030453148,4019ab16-2d85-4e0d-85ff-f321a91687bc,Rostock,"13003","Rostock, Hanse- und Universitätsstadt","130030000","Rostock, Hanse- und Universitätsstadt","130030000000",Kobertstr.,"06120",Hochbau,"1","4",2023-09-25 06:00:00+02,2024-05-22 17:00:00+02,"Sicherungsmaßnahmen entlang der Straße, Sicherungsmaßnahmen entlang des Gehwegs, Sperrung des Fußgängerverkehrs im Gehwegbereich, Vollsperrung",Hochbauarbeiten
54.0872168807196,12.13551911393,422693ac-b130-4ab6-8d6c-82f351ff34d3,Rostock,"13003","Rostock, Hanse- und Universitätsstadt","130030000","Rostock, Hanse- und Universitätsstadt","130030000000",Schwaansche Str.,"08450",Hochbau,"8","9",2022-06-02 00:00:00+02,2024-04-01 00:00:00+02,,
54.1141001475496,12.0576962872505,443702df-3e72-4f60-abce-993bf7cd0e18,Rostock,"13003","Rostock, Hanse- und Universitätsstadt","130030000","Rostock, Hanse- und Universitätsstadt","130030000000",Sievershagener Weg,"08560",Fernwärmeleitung,"11","15",2024-03-18 07:00:00+01,2024-03-28 16:00:00+01,"halbseitige Sperrung, Sicherungsmaßnahmen entlang der Straße",Reparatur Hauptleitung Fernwärme
54.1328980723921,12.0603090424805,46583c01-d3eb-449d-8384-4930326cd8a6,Rostock,"13003","Rostock, Hanse- und Universitätsstadt","130030000","Rostock, Hanse- und Universitätsstadt","130030000000",Trelleborger Str.,"10450",Kabelnetz,"1",,2024-02-05 07:00:00+01,2024-03-28 18:00:00+01,"Sicherungsmaßnahmen entlang der Straße, Sicherungsmaßnahmen entlang des Gehwegs, Sperrung des Fußgängerverkehrs im Gehwegbereich",Verlegung LWL
54.0844078264463,12.1465929305998,4d0858c1-d8d6-46e6-88ba-752e66f35883,Rostock,"13003","Rostock, Hanse- und Universitätsstadt","130030000","Rostock, Hanse- und Universitätsstadt","130030000000",Neue Bleicherstr.,"07210",Hochbau,"21","22",2024-03-19 07:00:00+01,2024-06-21 15:00:00+02,"Sicherungsmaßnahmen entlang der Straße, Sicherungsmaßnahmen entlang des Gehwegs, Sperrung des Fußgängerverkehrs im Gehwegbereich",Neubau Mehrfamilienhaus
54.0926558611154,12.1375571038372,4d18d5e9-011c-4c94-910f-31596fe70177,Rostock,"13003","Rostock, Hanse- und Universitätsstadt","130030000","Rostock, Hanse- und Universitätsstadt","130030000000",Kempowski-Ufer,"14320",Hochbau,"6","9",2024-02-12 07:00:00+01,2024-07-31 18:00:00+02,"halbseitige Sperrung, Sicherungsmaßnahmen entlang der Straße",Neubau von zwei Häusern
54.0833722326832,12.1424640737158,4e97061f-831a-4f6a-9284-cc7e5732c775,Rostock,"13003","Rostock, Hanse- und Universitätsstadt","130030000","Rostock, Hanse- und Universitätsstadt","130030000000",Am Güterbahnhof,"00410",Straßenbau,"21",22ggü.,2024-03-18 07:00:00+01,2024-03-29 00:00:00+01,"Sicherungsmaßnahmen entlang der Straße, Sicherungsmaßnahmen entlang des Gehwegs, Verkehrsraumeinschränkungen",Arbeiten am Behördenzentrum
54.1748275423293,12.0851204972543,4f868c8f-ee52-4e69-a459-1f2c5c2795fb,Rostock,"13003","Rostock, Hanse- und Universitätsstadt","130030000","Rostock, Hanse- und Universitätsstadt","130030000000",Fritz-Reuter-Str.,"02650",Fernwärmeleitung,John-Brinckman-Str. (04150),,2024-02-19 07:00:00+01,2024-12-31 16:00:00+01,"Sicherungsmaßnahmen entlang der Straße, Sicherungsmaßnahmen entlang des Gehwegs, Sperrung des Fußgängerverkehrs im Gehwegbereich",Erweiterung Fernwärme Warnemünde
54.1239454734154,12.0484340015802,4f9e3e7e-a2d2-42c9-b105-a3940672ac5a,Rostock,"13003","Rostock, Hanse- und Universitätsstadt","130030000","Rostock, Hanse- und Universitätsstadt","130030000000",Theodor-Körner-Str.,"12080",Straßenbeleuchtung,,,2024-02-26 07:00:00+01,2024-04-12 18:00:00+02,"Sicherungsmaßnahmen entlang der Straße, Sicherungsmaßnahmen entlang des Gehwegs",Erneuerung Straßenbeleuchtung
54.1028116927546,12.1783348139915,533794f1-0bdd-4330-a119-19c895a609a7,Rostock,"13003","Rostock, Hanse- und Universitätsstadt","130030000","Rostock, Hanse- und Universitätsstadt","130030000000",Hartmut-Colden-Str.,"03370",Hochbau,"48",,2023-04-18 10:00:00+02,2024-12-31 16:00:00+01,Sicherungsmaßnahmen entlang der Straße,Neubau von Wohneinheiten
54.0943953029846,12.0845639175496,53a8826d-f3b3-4491-a70a-6e8858cae4fc,Rostock,"13003","Rostock, Hanse- und Universitätsstadt","130030000","Rostock, Hanse- und Universitätsstadt","130030000000",Händelstr.,"03290",Straßenbau,Heinrich-Schütz-Str. (03440),Kuphalstr. (06340),2023-12-13 07:00:00+01,2024-05-31 16:00:00+02,"halbseitige Sperrung, Sicherungsmaßnahmen entlang der Straße, Sicherungsmaßnahmen entlang des Gehwegs, Sperrung für Fahrradverkehr",Querschläge/Suchschachtungen/Bau provisorische Bushaltestelle
54.0755190188925,12.1113738418455,57c7e5ed-db69-4a65-aa34-eed224af2efa,Rostock,"13003","Rostock, Hanse- und Universitätsstadt","130030000","Rostock, Hanse- und Universitätsstadt","130030000000",Max-Planck-Str.,"06910",Hochbau,3a,"5",2024-02-14 00:00:00+01,2025-01-01 00:00:00+01,,
54.0905537108062,12.1346401575907,58355485-86b4-4e48-b53d-de4a99dd351f,Rostock,"13003","Rostock, Hanse- und Universitätsstadt","130030000","Rostock, Hanse- und Universitätsstadt","130030000000",An der Oberkante,"00690",Gebäudesanierung,,,2024-03-15 00:00:00+01,2024-04-13 00:00:00+02,,
54.0970205910406,12.0936613096363,59396779-b552-4ee0-a889-80e9cdf82906,Rostock,"13003","Rostock, Hanse- und Universitätsstadt","130030000","Rostock, Hanse- und Universitätsstadt","130030000000",Schweriner Str.,"08480",Gebäudesanierung,"40",,2024-01-22 00:00:00+01,2024-04-01 00:00:00+02,,
54.0784688339038,12.1261955999039,59f3672d-da5b-4ca0-8942-2088501a771e,Rostock,"13003","Rostock, Hanse- und Universitätsstadt","130030000","Rostock, Hanse- und Universitätsstadt","130030000000",Platz der Freundschaft,"07650",Wasserleitung,,,2023-07-03 00:00:00+02,2024-05-01 00:00:00+02,"Sicherungsmaßnahmen entlang der Straße, Sicherungsmaßnahmen entlang des Gehwegs, Sperrung für Fahrradverkehr, Verkehrsraumeinschränkungen","Umverlegung Trinkwasserleitung, SW & RW-Kanal"
54.1706200358635,12.0846454939649,5e189da1-0b2a-4e51-a472-33b7a0b2a927,Rostock,"13003","Rostock, Hanse- und Universitätsstadt","130030000","Rostock, Hanse- und Universitätsstadt","130030000000",Lortzingstr.,"06710",Gebäudesanierung,"6","8",2023-06-12 00:00:00+02,2025-01-01 00:00:00+01,"Sicherungsmaßnahmen entlang der Straße, Sicherungsmaßnahmen entlang des Gehwegs, Sperrung des Fußgängerverkehrs im Gehwegbereich, Verkehrsraumeinschränkungen",Gebäudesanierung
54.0871297265094,12.1369700754042,5facb51e-ce48-4ed4-955e-1d1dff25720f,Rostock,"13003","Rostock, Hanse- und Universitätsstadt","130030000","Rostock, Hanse- und Universitätsstadt","130030000000",Rungestr.,"08140",Hochbau,"19",19b,2023-11-16 00:00:00+01,2025-01-01 00:00:00+01,"Sicherungsmaßnahmen entlang der Straße, Sicherungsmaßnahmen entlang des Gehwegs, Verkehrsraumeinschränkungen",Neubau Wohn- und Geschäftshaus Teil B
54.09588247303,12.1558723136144,5ff9de35-7b55-45bd-8ffb-1bd5605c1c69,Rostock,"13003","Rostock, Hanse- und Universitätsstadt","130030000","Rostock, Hanse- und Universitätsstadt","130030000000",Bei der Knochenmühle,"01200",Wasserleitung,"10",,2024-02-19 00:00:00+01,2024-03-29 00:00:00+01,"Sicherungsmaßnahmen entlang der Straße, Sicherungsmaßnahmen entlang des Gehwegs, Verkehrsraumeinschränkungen",Herstellung Trinkwassergrundstücksanschluss
54.092336209732,12.1215927943258,6016dfef-054d-479d-befc-88eeebc04922,Rostock,"13003","Rostock, Hanse- und Universitätsstadt","130030000","Rostock, Hanse- und Universitätsstadt","130030000000",Warnowufer,"09560",Hochbau,"24",,2023-08-23 09:00:00+02,2024-04-01 00:00:00+02,"Sicherungsmaßnahmen entlang der Straße, Verkehrsraumeinschränkungen",Betonierungen/ Materiallieferungen
54.1813632109074,12.0869027772043,60ac6931-88cc-4269-adc6-7385f373c19a,Rostock,"13003","Rostock, Hanse- und Universitätsstadt","130030000","Rostock, Hanse- und Universitätsstadt","130030000000",Am Strom,"00540",Straßenbau,"119","121",2023-10-24 07:00:00+02,2024-03-16 18:00:00+01,Sicherungsmaßnahmen entlang des Gehwegs,Erneuerung Anleger
54.084283447843,12.1337084066578,6123282b-9e79-42fb-8782-9328fcf2d284,Rostock,"13003","Rostock, Hanse- und Universitätsstadt","130030000","Rostock, Hanse- und Universitätsstadt","130030000000",Grüner Weg,"03180",Wasserleitung,,,2023-12-18 00:00:00+01,2024-06-01 00:00:00+02,"Sicherungsmaßnahmen entlang der Straße, Sicherungsmaßnahmen entlang des Gehwegs, Vollsperrung",Sanierung TWL und Einflechtung Mischwasserkanal
54.0914701718737,12.1186614279415,61992e76-36c0-4b10-9fbd-98f06816247c,Rostock,"13003","Rostock, Hanse- und Universitätsstadt","130030000","Rostock, Hanse- und Universitätsstadt","130030000000",Patriotischer Weg,"07520",Gebäudesanierung,"99",,2023-08-08 00:00:00+02,2024-04-01 00:00:00+02,,
54.1441782717778,12.1089455192662,621e1b71-847b-4c5b-b803-1a9e2a653a4e,Rostock,"13003","Rostock, Hanse- und Universitätsstadt","130030000","Rostock, Hanse- und Universitätsstadt","130030000000",Am Seehafen,"10590",Straßenbau,,,2024-02-01 00:00:00+01,2025-02-01 00:00:00+01,"Sicherungsmaßnahmen entlang der Straße, Verkehrsraumeinschränkungen",Reinigung der verschmutzten Fahrbahn
54.0767633340556,12.1290985043841,62fd2b2d-1093-4450-98e0-04cf8b028e5f,Rostock,"13003","Rostock, Hanse- und Universitätsstadt","130030000","Rostock, Hanse- und Universitätsstadt","130030000000",Platz der Freundschaft,"07650",Wasserleitung,,,2024-03-18 07:00:00+01,2024-03-28 18:00:00+01,"Sicherungsmaßnahmen entlang der Straße, Vollsperrung",Kanalreparaturen
54.0847380387875,12.142497327884,648dc04a-18ce-408e-a2a5-74ff7678eb07,Rostock,"13003","Rostock, Hanse- und Universitätsstadt","130030000","Rostock, Hanse- und Universitätsstadt","130030000000",Lindenstr.,"06640",Straßenbau,,,2022-06-27 00:00:00+02,2024-03-29 00:00:00+01,"Sicherungsmaßnahmen entlang der Straße, Sicherungsmaßnahmen entlang des Gehwegs, Vollsperrung",Tiefgründiger Ausbau
54.0909663836532,12.1462663212024,64e1520f-d2e0-4e50-8014-a67bc60012e5,Rostock,"13003","Rostock, Hanse- und Universitätsstadt","130030000","Rostock, Hanse- und Universitätsstadt","130030000000",Wollenweberstr.,"09880",Gebäudesanierung,"30",,2024-04-03 00:00:00+02,2024-04-24 00:00:00+02,,
54.1196640698812,12.1554678677581,652268a5-0fb8-4a2b-83be-055574296604,Rostock,"13003","Rostock, Hanse- und Universitätsstadt","130030000","Rostock, Hanse- und Universitätsstadt","130030000000",Petersdorfer Str.,"07600",Straßenbau,"36",,2024-03-11 00:00:00+01,2024-03-29 00:00:00+01,"halbseitige Sperrung, Sicherungsmaßnahmen entlang der Straße, Sicherungsmaßnahmen entlang des Gehwegs, Sperrung für Fahrradverkehr",Herstellug Zufahrt
54.0760966196285,12.1363442938496,65524d8b-9cd8-4698-bb4a-252b83b10d6d,Rostock,"13003","Rostock, Hanse- und Universitätsstadt","130030000","Rostock, Hanse- und Universitätsstadt","130030000000",Herweghstr.,"03570",Gebäudesanierung,"10",,2024-01-22 00:00:00+01,2024-05-01 00:00:00+02,,
54.0716220011154,12.1201649325111,688b14ca-2c57-43af-b63e-3b7e40e14a94,Rostock,"13003","Rostock, Hanse- und Universitätsstadt","130030000","Rostock, Hanse- und Universitätsstadt","130030000000",Ziolkowskistr.,"09920",Stromnetz,,,2024-03-18 07:00:00+01,2024-03-28 18:00:00+01,Sicherungsmaßnahmen entlang des Gehwegs,Herstellung Hausanschluss
54.1773726397723,12.0857695692308,6e1d981b-0803-424f-aca3-5b8a0f1ae233,Rostock,"13003","Rostock, Hanse- und Universitätsstadt","130030000","Rostock, Hanse- und Universitätsstadt","130030000000",Friedrich-Franz-Str.,"02580",Gebäudesanierung,"64","63",2024-01-15 00:00:00+01,2024-07-27 00:00:00+02,"Sicherungsmaßnahmen entlang der Straße, Sicherungsmaßnahmen entlang des Gehwegs, Verkehrsraumeinschränkungen",Baustelleneinrichtung für Sanierung Kirrchplatz 10
54.1439914104424,12.0605045817476,6ffa2e1e-9385-4985-b777-82545be565a2,Rostock,"13003","Rostock, Hanse- und Universitätsstadt","130030000","Rostock, Hanse- und Universitätsstadt","130030000000",Möllner Str.,"00600",Hochbau,"11","13",2020-10-23 00:00:00+02,2024-07-01 00:00:00+02,"Sicherungsmaßnahmen entlang des Gehwegs, Sperrung des Fußgängerverkehrs im Gehwegbereich","Gehwegsperrung für Hochbau / Umstrukturierung des gesamten Grundstücks Möllner Str.-Plöner Str. 1-6 und 15, 16, 19"
54.1382531179788,12.0465207476971,70085d69-8d71-4bd8-9fed-10ccbee96285,Rostock,"13003","Rostock, Hanse- und Universitätsstadt","130030000","Rostock, Hanse- und Universitätsstadt","130030000000",Warnowallee,"09530",Hochbau,23a,,2023-03-01 00:00:00+01,2025-03-02 00:00:00+01,"Sicherungsmaßnahmen entlang der Straße, Sicherungsmaßnahmen entlang des Gehwegs",
54.0872908309553,12.1005975036694,7156a017-f6ee-4e5d-a05f-f707c1fb3c89,Rostock,"13003","Rostock, Hanse- und Universitätsstadt","130030000","Rostock, Hanse- und Universitätsstadt","130030000000",Warschauer Str.,"09570",Gebäudesanierung,"24",,2024-03-18 00:00:00+01,2024-04-27 00:00:00+02,,
54.1432407399753,12.043693658337,71f40db8-b5e6-495b-acbc-1f84e261fd2f,Rostock,"13003","Rostock, Hanse- und Universitätsstadt","130030000","Rostock, Hanse- und Universitätsstadt","130030000000",Ostseeallee,"07370",Straßenbau,Rigaer Str. (07950),Sassnitzer Str. (08190),2024-02-19 07:00:00+01,2024-06-16 18:00:00+02,"Sicherungsmaßnahmen entlang der Straße, Sicherungsmaßnahmen entlang des Gehwegs, Sperrung des Fußgängerverkehrs im Gehwegbereich, Sperrung für Fahrradverkehr",Sanierung Geh- und Radweg
54.0864680537531,12.1228989607365,7363525e-02ff-4c17-b6ef-2ae2cc377a5b,Rostock,"13003","Rostock, Hanse- und Universitätsstadt","130030000","Rostock, Hanse- und Universitätsstadt","130030000000",Feldstr.,"02360",Fernwärmeleitung,3a,,2024-02-12 00:00:00+01,2024-03-29 00:00:00+01,"Sicherungsmaßnahmen entlang der Straße, Sicherungsmaßnahmen entlang des Gehwegs, Verkehrsraumeinschränkungen",Reparatur Fernwärmehausanschluss
54.0774081490585,12.1418502139276,73b915e6-d1af-4ec1-9435-1a28ce63b033,Rostock,"13003","Rostock, Hanse- und Universitätsstadt","130030000","Rostock, Hanse- und Universitätsstadt","130030000000",Blücherstr.,"01440",Gebäudesanierung,"43",,2023-09-11 00:00:00+02,2024-06-29 00:00:00+02,,
54.0832850010702,12.1278785323138,73d33676-5ad3-4c13-98fc-4eeff270c0db,Rostock,"13003","Rostock, Hanse- und Universitätsstadt","130030000","Rostock, Hanse- und Universitätsstadt","130030000000",St.-Georg-Str.,"02590",Gasleitung,63a,,2024-03-14 07:00:00+01,2024-03-20 18:00:00+01,"Sicherungsmaßnahmen entlang des Gehwegs, Sperrung des Fußgängerverkehrs im Gehwegbereich",Trennung Hausanschluss Gas
54.089639792401,12.1408466175086,73f088b4-fd6d-4d50-86a9-8eac179ea91e,Rostock,"13003","Rostock, Hanse- und Universitätsstadt","130030000","Rostock, Hanse- und Universitätsstadt","130030000000",Vogelsang,"09310",Hochbau,Kleine Wasserstr. (06030),Lange Str. (06450),2023-02-20 00:00:00+01,2026-01-31 00:00:00+01,"Sicherungsmaßnahmen entlang der Straße, Sicherungsmaßnahmen entlang des Gehwegs",Neubau Amtsgebäude
54.0876121569889,12.139052044121,75c58d26-b501-4be7-8b4c-e7f716ad0346,Rostock,"13003","Rostock, Hanse- und Universitätsstadt","130030000","Rostock, Hanse- und Universitätsstadt","130030000000",Kistenmacherstr.,"05960",Wasserleitung,Johannisstr. (04140),Garbräterstr. (02720),2022-01-10 00:00:00+01,2024-07-31 00:00:00+02,"Sicherungsmaßnahmen entlang der Straße, Sicherungsmaßnahmen entlang des Gehwegs, Vollsperrung",Sanierung Mischwasserkanal
54.121931046587,12.0522730104511,76d0a11a-d573-4e1f-9b9b-fa3ec9e0f0e7,Rostock,"13003","Rostock, Hanse- und Universitätsstadt","130030000","Rostock, Hanse- und Universitätsstadt","130030000000",Maxim-Gorki-Str.,"06940",Straßenbeleuchtung,"25","50",2024-02-26 07:00:00+01,2024-04-12 18:00:00+02,"Sicherungsmaßnahmen entlang der Straße, Sicherungsmaßnahmen entlang des Gehwegs",Erneuerung Straßenbeleuchtung
54.0862242269978,12.1413053753277,76fa346f-ecb2-4b94-9db4-9fc3dc1e1697,Rostock,"13003","Rostock, Hanse- und Universitätsstadt","130030000","Rostock, Hanse- und Universitätsstadt","130030000000",Steinstr.,"08720",Gleisbau,,,2024-03-15 07:00:00+01,2024-03-18 18:00:00+01,Sicherungsmaßnahmen entlang des Gehwegs,Instandsetzung Weichenzungen
54.1139393425735,12.140877397973,7865d082-5bd1-4334-83ab-8a03af13966e,Rostock,"13003","Rostock, Hanse- und Universitätsstadt","130030000","Rostock, Hanse- und Universitätsstadt","130030000000",Pablo-Picasso-Str.,"07450",Hochbau,"42",,2023-04-17 07:00:00+02,2024-05-03 18:00:00+02,Sicherungsmaßnahmen entlang der Straße,Modernisierung Mehrfamilienhaus
54.1563737174147,12.0689659233154,7c24bc40-7c99-4d1e-bb5e-b1619471e6d4,Rostock,"13003","Rostock, Hanse- und Universitätsstadt","130030000","Rostock, Hanse- und Universitätsstadt","130030000000",Grabower Str.,"09770",Straßenbau,,,2023-04-11 00:00:00+02,2024-07-01 00:00:00+02,"Sicherungsmaßnahmen entlang der Straße, Sicherungsmaßnahmen entlang des Gehwegs, Sperrung des Fußgängerverkehrs im Gehwegbereich, Vollsperrung",Grundhafter Ausbau
54.0934069014897,12.116541926107,7dac8b6b-7b47-4fd4-b9e1-5de489a66a60,Rostock,"13003","Rostock, Hanse- und Universitätsstadt","130030000","Rostock, Hanse- und Universitätsstadt","130030000000",Eschenstr.,"02250",Hochbau,7a,8a,2023-07-03 00:00:00+02,2024-05-01 00:00:00+02,"Sicherungsmaßnahmen entlang der Straße, Sicherungsmaßnahmen entlang des Gehwegs, Vollsperrung","Hochbauarbeiten, Zimmerarbeiten (Dachstuhl, Dachdecker), Erschließung Tiefbauarbeiten Keller, Lieferverkehr"
54.1419745011647,12.1669280710824,7f749e83-a137-43a6-9f22-38e7d848eb6b,Rostock,"13003","Rostock, Hanse- und Universitätsstadt","130030000","Rostock, Hanse- und Universitätsstadt","130030000000",Hinrichshäger Str.,"11210",Straßenbau,Große Rampe (10500),Max-Garthe-Str. (11200),2024-01-15 00:00:00+01,2024-04-01 00:00:00+02,"halbseitige Sperrung, Sicherungsmaßnahmen entlang der Straße, Sicherungsmaßnahmen entlang des Gehwegs, Sperrung des Fußgängerverkehrs im Gehwegbereich",Neubau straßenbegleitender Geh- und Radweg
54.1503175117117,12.0652612526714,815e8562-e55c-41c8-8e0e-a58814662d60,Rostock,"13003","Rostock, Hanse- und Universitätsstadt","130030000","Rostock, Hanse- und Universitätsstadt","130030000000",Wolgaster Str.,"01890",Gebäudesanierung,"8",,2024-01-08 00:00:00+01,2024-03-22 00:00:00+01,,
54.1580773231034,12.0768747862928,834d9585-6c8a-4efa-a8cb-7413693a186a,Rostock,"13003","Rostock, Hanse- und Universitätsstadt","130030000","Rostock, Hanse- und Universitätsstadt","130030000000",Sprengmeisterweg,"08660",Wasserleitung,"1","2",2024-03-04 07:00:00+01,2024-03-28 16:00:00+01,"Sicherungsmaßnahmen entlang der Straße, Sicherungsmaßnahmen entlang des Gehwegs, Verkehrsraumeinschränkungen",Erneuerung Hausanschluss Trinkwasser
54.1439215385669,12.061512824974,84fa8b8a-d8df-4544-9abb-3f9c80028b52,Rostock,"13003","Rostock, Hanse- und Universitätsstadt","130030000","Rostock, Hanse- und Universitätsstadt","130030000000",Möllner Str.,"00600",Wasserleitung,12a,12c,2023-11-20 07:00:00+01,2024-05-03 16:00:00+02,"Sicherungsmaßnahmen entlang der Straße, Sicherungsmaßnahmen entlang des Gehwegs, Vollsperrung",Rohrleitungsbau
54.0853817040647,12.1373696671962,851f4f51-173a-4dbd-b344-a9cd138167d5,Rostock,"13003","Rostock, Hanse- und Universitätsstadt","130030000","Rostock, Hanse- und Universitätsstadt","130030000000",August-Bebel-Str.,"00940",Hochbau,"90",,2023-06-27 00:00:00+02,2024-05-01 00:00:00+02,,
54.0858125177546,12.1060657308523,864468d9-2041-47df-a81e-134094db21ea,Rostock,"13003","Rostock, Hanse- und Universitätsstadt","130030000","Rostock, Hanse- und Universitätsstadt","130030000000",Dethardingstr.,"04330",Kabelnetz,"11",,2024-01-15 00:00:00+01,2024-03-29 00:00:00+01,"Sicherungsmaßnahmen entlang der Straße, Sicherungsmaßnahmen entlang des Gehwegs, Verkehrsraumeinschränkungen",LWL-Anbindung -Bohrung-
54.0829388753346,12.1415130738679,8aedc3f3-3d7c-4ef2-a6c2-0edf367fb206,Rostock,"13003","Rostock, Hanse- und Universitätsstadt","130030000","Rostock, Hanse- und Universitätsstadt","130030000000",Blücherstr.,"01440",Gebäudesanierung,"1",,2021-09-27 00:00:00+02,2024-07-01 00:00:00+02,"Sicherungsmaßnahmen entlang der Straße, Sicherungsmaßnahmen entlang des Gehwegs, Sperrung des Fußgängerverkehrs im Gehwegbereich",Sanierung Gebäude
54.0874536999371,12.125844477071,8bcee436-8abe-43db-b635-52e00f1160e8,Rostock,"13003","Rostock, Hanse- und Universitätsstadt","130030000","Rostock, Hanse- und Universitätsstadt","130030000000",Friedhofsweg,"02550",Hochbau,,,2023-02-01 00:00:00+01,2025-01-01 00:00:00+01,"Sicherungsmaßnahmen entlang der Straße, Sicherungsmaßnahmen entlang des Gehwegs, Verkehrsraumeinschränkungen",Hochbau Schröderplatz 3 - 4 -Baustr. Az.
54.0641482216527,12.105620351482,8c81cf10-b3d9-4f8c-8dfe-9534fcd3e2b0,Rostock,"13003","Rostock, Hanse- und Universitätsstadt","130030000","Rostock, Hanse- und Universitätsstadt","130030000000",Biestower Damm,"01360",Wasserleitung,Neue Reihe (07220),Damerower Weg (01770),2023-06-12 00:00:00+02,2024-03-29 00:00:00+01,"Sicherungsmaßnahmen entlang der Straße, Sicherungsmaßnahmen entlang des Gehwegs, Vollsperrung",Sanierung Trinkwasserleitung 3. BA
54.1159153064728,12.1617354386763,8cb36ce7-8a49-4116-9870-c9803d41a028,Rostock,"13003","Rostock, Hanse- und Universitätsstadt","130030000","Rostock, Hanse- und Universitätsstadt","130030000000",Petersdorfer Str.,"07600",Hochbau,"38",,2023-05-02 00:00:00+02,2025-01-01 00:00:00+01,,
54.090632396046,12.1540959501737,8cc12825-9fc9-4f13-91c4-1245a0775174,Rostock,"13003","Rostock, Hanse- und Universitätsstadt","130030000","Rostock, Hanse- und Universitätsstadt","130030000000",Rövershäger Chaussee,"08100",Straßenbau,,,2024-02-24 00:00:00+01,2025-01-01 00:00:00+01,"halbseitige Sperrung, Sicherungsmaßnahmen entlang der Straße",Vermessungsarbeiten auf der Brücke
54.1284385145454,12.1624835599734,8d90708e-f582-4af5-9c34-4153f568dde4,Rostock,"13003","Rostock, Hanse- und Universitätsstadt","130030000","Rostock, Hanse- und Universitätsstadt","130030000000",Am Liepengraben,"10390",Stromnetz,"1",1b,2024-03-07 07:00:00+01,2024-04-26 18:00:00+02,"Sicherungsmaßnahmen entlang der Straße, Sicherungsmaßnahmen entlang des Gehwegs, Sperrung des Fußgängerverkehrs im Gehwegbereich",Verlegung Erdkabel
54.069910187738,12.1170361766718,901c3902-af7e-4029-ac12-dbfb36e99508,Rostock,"13003","Rostock, Hanse- und Universitätsstadt","130030000","Rostock, Hanse- und Universitätsstadt","130030000000",Majakowskistr.,"06830",Kabelnetz,"55","56",2024-01-15 00:00:00+01,2024-03-29 00:00:00+01,"Sicherungsmaßnahmen entlang der Straße, Sicherungsmaßnahmen entlang des Gehwegs, Verkehrsraumeinschränkungen",LWL- Anbindung in vorhandene Rohrtrasse
54.0831031825768,12.1280789612376,92342d86-767e-490c-9c7b-3c38114efb18,Rostock,"13003","Rostock, Hanse- und Universitätsstadt","130030000","Rostock, Hanse- und Universitätsstadt","130030000000",St.-Georg-Str.,"02590",Hochbau,"50",,2024-02-19 00:00:00+01,2025-01-01 00:00:00+01,"Sicherungsmaßnahmen entlang der Straße, Sicherungsmaßnahmen entlang des Gehwegs, Sperrung des Fußgängerverkehrs im Gehwegbereich, Verkehrsraumeinschränkungen",Lieferverkehr und Materiallagerung für Hochbau
54.1772648419217,12.0807018483738,9365cf27-4aaf-4e80-af5a-70e44eb5f9bb,Rostock,"13003","Rostock, Hanse- und Universitätsstadt","130030000","Rostock, Hanse- und Universitätsstadt","130030000000",Wachtlerstr.,"09400",Hochbau,"11",,2023-10-30 00:00:00+01,2024-05-01 00:00:00+02,"Sicherungsmaßnahmen entlang der Straße, Sicherungsmaßnahmen entlang des Gehwegs, Sperrung des Fußgängerverkehrs im Gehwegbereich, Verkehrsraumeinschränkungen",Abrissarbeiten
54.1032972562132,12.1651454232311,9469b316-3cf6-486c-9a19-6aefed677f02,Rostock,"13003","Rostock, Hanse- und Universitätsstadt","130030000","Rostock, Hanse- und Universitätsstadt","130030000000",Heinrich-Tessenow-Str.,"03450",Hochbau,"49",,2023-07-24 00:00:00+02,2024-08-31 00:00:00+02,"Sicherungsmaßnahmen entlang der Straße, Sicherungsmaßnahmen entlang des Gehwegs, Verkehrsraumeinschränkungen",Arbeiten an der Turnhalle
54.1391757215243,12.1699193641892,95914572-b8ea-4df3-8e28-d761facefe22,Rostock,"13003","Rostock, Hanse- und Universitätsstadt","130030000","Rostock, Hanse- und Universitätsstadt","130030000000",Große Rampe,"10500",Telefonnetz,,,2024-03-04 07:00:00+01,2024-05-01 00:00:00+02,"Sicherungsmaßnahmen entlang der Straße, Sicherungsmaßnahmen entlang des Gehwegs, Verkehrsraumeinschränkungen",Breitbandausbau
54.0854987240017,12.114510572894,97b6ed21-b008-435b-ba2e-11608327a391,Rostock,"13003","Rostock, Hanse- und Universitätsstadt","130030000","Rostock, Hanse- und Universitätsstadt","130030000000",Ulmenstr.,"02400",Straßenbau,Fritz-Reuter-Str. (02660),Saarplatz (08150),2023-05-02 00:00:00+02,2024-12-21 00:00:00+01,"halbseitige Sperrung, Sicherungsmaßnahmen entlang der Straße, Sicherungsmaßnahmen entlang des Gehwegs",Grundhafter Ausbau
54.091988341,12.1455940997002,98242a32-7500-4a88-af21-3203641ebf4c,Rostock,"13003","Rostock, Hanse- und Universitätsstadt","130030000","Rostock, Hanse- und Universitätsstadt","130030000000",Faule Str.,"02350",Hochbau,"12",,2023-11-06 00:00:00+01,2024-09-28 00:00:00+02,"Sicherungsmaßnahmen entlang der Straße, Sicherungsmaßnahmen entlang des Gehwegs, Sperrung des Fußgängerverkehrs im Gehwegbereich, Verkehrsraumeinschränkungen",Neubau Mehrfamilienhaus -Materiallieferung mit Vollsperrung-
54.0908674706924,12.1111438382628,98553ffe-0061-4d05-8f5e-eb684e1e5553,Rostock,"13003","Rostock, Hanse- und Universitätsstadt","130030000","Rostock, Hanse- und Universitätsstadt","130030000000",Am Kabutzenhof,"00420",Gebäudesanierung,"37",,2024-02-19 00:00:00+01,2024-03-29 00:00:00+01,,
54.0849876332483,12.1365014605074,9b735785-e2c2-4fca-9c0d-677df0ed5cac,Rostock,"13003","Rostock, Hanse- und Universitätsstadt","130030000","Rostock, Hanse- und Universitätsstadt","130030000000",Humboldtstr.,"03740",Gebäudesanierung,"7",,2023-08-07 00:00:00+02,2024-03-30 00:00:00+01,"Sicherungsmaßnahmen entlang der Straße, Sicherungsmaßnahmen entlang des Gehwegs, Sperrung des Fußgängerverkehrs im Gehwegbereich, Verkehrsraumeinschränkungen",Sanierung Wohnhaus
54.0855875344802,12.126049973138,9c3aa908-0a45-4898-97a5-d0c0b20a54de,Rostock,"13003","Rostock, Hanse- und Universitätsstadt","130030000","Rostock, Hanse- und Universitätsstadt","130030000000",Am Vögenteich,"09790",Lichtsignalanlage,August-Bebel-Str. (00940),,2022-06-09 00:00:00+02,2024-06-01 00:00:00+02,,
54.0843944431709,12.0996850554231,9c4c4009-7aaf-4f1c-931d-f2f64aa00699,Rostock,"13003","Rostock, Hanse- und Universitätsstadt","130030000","Rostock, Hanse- und Universitätsstadt","130030000000",Schillingallee,"09370",Straßenbau,Dürerplatz (01980),Ernst-Heydemann-Str. (02220),2022-08-30 00:00:00+02,2024-03-30 00:00:00+01,"Sicherungsmaßnahmen entlang der Straße, Sicherungsmaßnahmen entlang des Gehwegs, Sperrung des Fußgängerverkehrs im Gehwegbereich, Verkehrsraumeinschränkungen, Vollsperrung",Tiefgründiger Ausbau
54.1535538492078,12.0691768527996,9ec8a356-598b-48f7-95f7-442c3e51e6e7,Rostock,"13003","Rostock, Hanse- und Universitätsstadt","130030000","Rostock, Hanse- und Universitätsstadt","130030000000",An der Stadtautobahn,"00650",Straßenbau,,,2024-01-04 07:00:00+01,2024-03-28 17:00:00+01,"halbseitige Sperrung, Sicherungsmaßnahmen entlang der Straße, Sicherungsmaßnahmen entlang des Gehwegs",Rohrleitungsbau
54.0935793020107,12.1594325305263,a2c9eb47-20bd-45cf-9aaa-f6c0697729a9,Rostock,"13003","Rostock, Hanse- und Universitätsstadt","130030000","Rostock, Hanse- und Universitätsstadt","130030000000",Kadammsweg,"04260",Wasserleitung,"3",,2023-10-23 00:00:00+02,2024-03-29 00:00:00+01,"Sicherungsmaßnahmen entlang der Straße, Vollsperrung","Neubau Trinkwasserleitung, Neuanschluss Trinkwassergrundstücksanschluss"
54.1814125885103,12.0869102621588,a3033be6-6140-450d-9fb5-d2a2aa8e709b,Rostock,"13003","Rostock, Hanse- und Universitätsstadt","130030000","Rostock, Hanse- und Universitätsstadt","130030000000",Am Strom,"00540",Wasserleitung,"119","122",2024-03-18 07:00:00+01,2024-04-26 18:00:00+02,Sicherungsmaßnahmen entlang des Gehwegs,Herstellung Hausanschluss
54.1745964143776,12.0929160997389,a68727a9-390f-45bc-8612-ab59bf49f7b8,Rostock,"13003","Rostock, Hanse- und Universitätsstadt","130030000","Rostock, Hanse- und Universitätsstadt","130030000000",Am Passagierkai,"00470",Kabelnetz,"3","6",2024-02-05 07:00:00+01,2024-03-28 18:00:00+01,,Kabelsanierung
54.1015497784306,12.0686388663231,ab492313-2910-460a-bb66-84d35c17200e,Rostock,"13003","Rostock, Hanse- und Universitätsstadt","130030000","Rostock, Hanse- und Universitätsstadt","130030000000",Mathias-Thesen-Str.,"06870",Gebäudesanierung,"18",,2023-05-16 07:30:00+02,2025-05-31 16:00:00+02,Sicherungsmaßnahmen entlang der Straße,Baustellenausfahrt
54.0907907689577,12.0979016120305,ae8722ef-0760-4af9-819a-260e242a80d3,Rostock,"13003","Rostock, Hanse- und Universitätsstadt","130030000","Rostock, Hanse- und Universitätsstadt","130030000000",Hans-Sachs-Allee,"03340",Wasserleitung,"7",,2023-10-28 00:00:00+02,2024-05-05 00:00:00+02,"Sicherungsmaßnahmen entlang der Straße, Sicherungsmaßnahmen entlang des Gehwegs",Schachtdeckel Havarie Übernahme VRAO Az.
54.1206941168458,12.0542849061969,af12ab6f-1173-4188-bc46-2b3487c25440,Rostock,"13003","Rostock, Hanse- und Universitätsstadt","130030000","Rostock, Hanse- und Universitätsstadt","130030000000",Eduard-Vilde-Str.,"02040",Fernwärmeleitung,"5","9",2024-03-05 07:00:00+01,2024-06-28 18:00:00+02,"Sicherungsmaßnahmen entlang der Straße, Sicherungsmaßnahmen entlang des Gehwegs",Verlegung Fernwärme
54.0880921398062,12.1438914314446,af174cbb-e96d-46e8-b4b8-4e92f1156b2f,Rostock,"13003","Rostock, Hanse- und Universitätsstadt","130030000","Rostock, Hanse- und Universitätsstadt","130030000000",Grubenstr.,"03160",Hochbau,"3",5a,2023-07-06 00:00:00+02,2024-07-06 00:00:00+02,"Sicherungsmaßnahmen entlang der Straße, Sicherungsmaßnahmen entlang des Gehwegs, Sperrung des Fußgängerverkehrs im Gehwegbereich, Verkehrsraumeinschränkungen","Hochbauarbeiten -Gerüststellung, Verbau, Betonpumpengänge mit Vollsperrung-"
54.090110632978,12.100178367657,af99b36a-2ebf-4ad9-b6ce-56f619578b16,Rostock,"13003","Rostock, Hanse- und Universitätsstadt","130030000","Rostock, Hanse- und Universitätsstadt","130030000000",Stralsunder Str.,"08790",Gebäudesanierung,"8",,2024-04-01 00:00:00+02,2024-11-01 00:00:00+01,,
54.1465420147623,12.1743335208851,b01c96a5-f9e5-47ba-83b8-321cd67a5fc2,Rostock,"13003","Rostock, Hanse- und Universitätsstadt","130030000","Rostock, Hanse- und Universitätsstadt","130030000000",Max-Garthe-Str.,"11200",Wasserleitung,"48",,2023-12-11 00:00:00+01,2024-04-01 00:00:00+02,"halbseitige Sperrung, Sicherungsmaßnahmen entlang der Straße, Sicherungsmaßnahmen entlang des Gehwegs",Herstellung Trinkwassergrundstücksanschluss
54.1346742692299,12.059935883639,b15a5dce-6616-401b-9c2b-9eaca8a12a25,Rostock,"13003","Rostock, Hanse- und Universitätsstadt","130030000","Rostock, Hanse- und Universitätsstadt","130030000000",Trelleborger Str.,"10450",Telefonnetz,Talliner Str. (10470),Bei der Gärtnerei (01190),2024-02-26 07:00:00+01,2024-04-30 18:00:00+02,"Sicherungsmaßnahmen entlang des Gehwegs, Sperrung des Fußgängerverkehrs im Gehwegbereich",Breitbandausbau
54.1465765011887,12.040970023405,b257b850-c0ba-4095-95e6-e5627fe87917,Rostock,"13003","Rostock, Hanse- und Universitätsstadt","130030000","Rostock, Hanse- und Universitätsstadt","130030000000",Ostseeallee,"07370",Straßenbau,"33",,2023-11-06 07:00:00+01,2024-05-03 18:00:00+02,"Sicherungsmaßnahmen entlang der Straße, Sicherungsmaßnahmen entlang des Gehwegs",Neubau Geh- und Radweg
54.1346703575755,12.0545158435865,b26d1f16-60f2-443e-b53a-4700249459ed,Rostock,"13003","Rostock, Hanse- und Universitätsstadt","130030000","Rostock, Hanse- und Universitätsstadt","130030000000",Helsinkier Str.,"03480",Grünpflege,"35",,2023-11-16 07:00:00+01,2024-04-30 17:00:00+02,"Sicherungsmaßnahmen entlang der Straße, Sicherungsmaßnahmen entlang des Gehwegs, Verkehrsraumeinschränkungen",Arbeiten an den Außenanlagen -BE-Fläche-
54.0901444231063,12.1146255350585,b2fbbb27-eab4-453c-93c5-4210659e83d4,Rostock,"13003","Rostock, Hanse- und Universitätsstadt","130030000","Rostock, Hanse- und Universitätsstadt","130030000000",Fritz-Reuter-Str.,"02660",Wasserleitung,Doberaner Str. (01860),Borwinstr. (01500),2023-02-06 00:00:00+01,2024-06-01 00:00:00+02,"Sicherungsmaßnahmen entlang der Straße, Sicherungsmaßnahmen entlang des Gehwegs, Vollsperrung",Neubau Entwässerungsleitachse
54.0952527802962,12.095512819144,b318e2f7-0cb0-4c8d-8a77-b74ca29e7eca,Rostock,"13003","Rostock, Hanse- und Universitätsstadt","130030000","Rostock, Hanse- und Universitätsstadt","130030000000",Schweriner Str.,"08480",Hochbau,"18",,2023-11-08 00:00:00+01,2024-03-29 00:00:00+01,"Sicherungsmaßnahmen entlang der Straße, Sicherungsmaßnahmen entlang des Gehwegs, Sperrung des Fußgängerverkehrs im Gehwegbereich, Verkehrsraumeinschränkungen",Neubau Kita Gänseblümchen -urspr. Az.
54.0801492334421,12.1394778729095,b3f89e9c-554a-4a7a-83f2-3544d1f1077d,Rostock,"13003","Rostock, Hanse- und Universitätsstadt","130030000","Rostock, Hanse- und Universitätsstadt","130030000000",Stephanstr.,"08750",Fernwärmeleitung,Koch-Gotha-Str. (06130),Graf-Schack-Str. (03010),2024-03-11 07:00:00+01,2024-05-03 18:00:00+02,"halbseitige Sperrung, Sicherungsmaßnahmen entlang der Straße, Sicherungsmaßnahmen entlang des Gehwegs",Verlegung Fernwärmeleitung
54.0665385615274,12.1509356294737,b5352924-b6e1-46c2-81db-5d81a1477eeb,Rostock,"13003","Rostock, Hanse- und Universitätsstadt","130030000","Rostock, Hanse- und Universitätsstadt","130030000000",Dalwitzhof,"01750",Stromnetz,"5","7",2024-03-04 00:00:00+01,2024-05-01 00:00:00+02,"Sicherungsmaßnahmen entlang der Straße, Sicherungsmaßnahmen entlang des Gehwegs, Verkehrsraumeinschränkungen",Verlegung Erdkabel - Hausanschluss-
54.0762696953446,12.1278051799696,b5500bd9-d974-4e0c-950b-a1bcd7e111a4,Rostock,"13003","Rostock, Hanse- und Universitätsstadt","130030000","Rostock, Hanse- und Universitätsstadt","130030000000",Platz der Freundschaft,"07650",Kabelnetz,"10","13",2024-01-22 00:00:00+01,2024-03-29 00:00:00+01,"Sicherungsmaßnahmen entlang der Straße, Sicherungsmaßnahmen entlang des Gehwegs, Sperrung für Fahrradverkehr, Verkehrsraumeinschränkungen",Breitbandanbindung Platz der Freundschaft 13
54.0926332684542,12.147336343598,b7fcf2aa-4d9b-4244-8332-17099c8bdcab,Rostock,"13003","Rostock, Hanse- und Universitätsstadt","130030000","Rostock, Hanse- und Universitätsstadt","130030000000",Am Strande,"00530",Hochbau,"5",6a,2024-01-01 00:00:00+01,2025-01-01 00:00:00+01,"Sicherungsmaßnahmen entlang der Straße, Sicherungsmaßnahmen entlang des Gehwegs, Verkehrsraumeinschränkungen",Hochbau -urspr. Az.
54.057580297901,12.0746835364901,b803fb0f-b9d2-454b-ab99-bcb2a3aba7b2,Rostock,"13003","Rostock, Hanse- und Universitätsstadt","130030000","Rostock, Hanse- und Universitätsstadt","130030000000",Biestow-Ausbau,"01350",Hochbau,"3","9",2023-09-25 00:00:00+02,2024-06-01 00:00:00+02,"Sicherungsmaßnahmen entlang der Straße, Vollsperrung",Erschließung Wohngebiet Kiefernweg Los 4
54.0910929276156,12.1473111439821,bbd31afb-5ce4-465f-8fd7-10ac51437569,Rostock,"13003","Rostock, Hanse- und Universitätsstadt","130030000","Rostock, Hanse- und Universitätsstadt","130030000000",Slüterstr.,"08590",Straßenbau,"1",,2023-06-14 00:00:00+02,2024-08-01 00:00:00+02,"Sicherungsmaßnahmen entlang der Straße, Sicherungsmaßnahmen entlang des Gehwegs, Verkehrsraumeinschränkungen",Neubau Einfamiliehaus
54.0816975408743,12.1221897081369,bc7203b7-3179-49fd-828e-2e66372b9a7f,Rostock,"13003","Rostock, Hanse- und Universitätsstadt","130030000","Rostock, Hanse- und Universitätsstadt","130030000000",Borenweg,"01490",Fernwärmeleitung,"18","19",2024-03-14 07:00:00+01,2024-03-28 17:00:00+01,"halbseitige Sperrung, Sicherungsmaßnahmen entlang der Straße, Verkehrsraumeinschränkungen",Prüfung und Isolierung Hausanschluss
54.1702839767845,12.0278393757824,c265cbff-5c90-46c5-86b7-892f23723c87,Rostock,"13003","Rostock, Hanse- und Universitätsstadt","130030000","Rostock, Hanse- und Universitätsstadt","130030000000",Stolteraer Weg,"08770",Telefonnetz,Rotdornweg (13770),Seebrauk (12910),2024-03-06 07:00:00+01,2024-04-03 18:00:00+02,"Sicherungsmaßnahmen entlang der Straße, Sicherungsmaßnahmen entlang des Gehwegs",Breitbandausbau
54.0607980724357,12.1164076517455,c2ee8afd-091d-4af8-bc0f-1c3dcb837840,Rostock,"13003","Rostock, Hanse- und Universitätsstadt","130030000","Rostock, Hanse- und Universitätsstadt","130030000000",Am Feldrain,"10690",Straßenbau,"15","17",2024-03-18 07:00:00+01,2024-03-28 16:00:00+01,"halbseitige Sperrung, Sicherungsmaßnahmen entlang der Straße",Sanierung Schachtdeckel
54.0838296065547,12.127923875386,c38b8038-ea53-4b34-99f2-4021d39e4971,Rostock,"13003","Rostock, Hanse- und Universitätsstadt","130030000","Rostock, Hanse- und Universitätsstadt","130030000000",Karlstr.,"04370",Gebäudesanierung,"46",,2024-03-04 00:00:00+01,2024-05-01 00:00:00+02,,
54.0882146307213,12.1177109466325,c471cf70-0f52-4756-b19b-6b2e0b2c4e00,Rostock,"13003","Rostock, Hanse- und Universitätsstadt","130030000","Rostock, Hanse- und Universitätsstadt","130030000000",Ottostr.,"07430",Straßenbau,"16","18",2024-03-18 07:00:00+01,2024-03-26 18:00:00+01,"Sicherungsmaßnahmen entlang der Straße, Sicherungsmaßnahmen entlang des Gehwegs, Sperrung des Fußgängerverkehrs im Gehwegbereich",Schachtarbeiten
54.1153140001398,12.1400929136304,c762092c-c9ce-48de-a81f-6572f8400628,Rostock,"13003","Rostock, Hanse- und Universitätsstadt","130030000","Rostock, Hanse- und Universitätsstadt","130030000000",Pablo-Picasso-Str.,"07450",Gebäudesanierung,"10","12",2024-03-05 00:00:00+01,2024-05-04 00:00:00+02,,
54.0876097726114,12.114436519661,c9863128-dd45-4cdb-882e-19d504b810e8,Rostock,"13003","Rostock, Hanse- und Universitätsstadt","130030000","Rostock, Hanse- und Universitätsstadt","130030000000",Waldemarstr.,"09410",Gebäudesanierung,"60",,2023-11-22 00:00:00+01,2024-05-01 00:00:00+02,,
54.1232621634127,12.0782089177779,c9c2c6ad-d745-4fa2-b57a-0056bf09be23,Rostock,"13003","Rostock, Hanse- und Universitätsstadt","130030000","Rostock, Hanse- und Universitätsstadt","130030000000",Handelsstr.,"03280",Wasserleitung,Schmarler Damm (08290),,2024-01-31 07:00:00+01,2024-05-10 17:00:00+02,"Sicherungsmaßnahmen entlang der Straße, Sicherungsmaßnahmen entlang des Gehwegs, Vollsperrung",Sanierung Regen- und Trinkwasserleitung
54.1066980380555,12.1394799376467,cc95b9e2-ded9-4a03-b6ff-ccd0207f06b2,Rostock,"13003","Rostock, Hanse- und Universitätsstadt","130030000","Rostock, Hanse- und Universitätsstadt","130030000000",Dierkower Damm,"01820",Straßenbau,Gehlsheimer Str. (02780),,2022-05-24 00:00:00+02,2024-07-31 00:00:00+02,Sicherungsmaßnahmen entlang der Straße,Havarie MW-Kanal - Baustellenzufahrten
54.0749544539959,12.1234076609778,cdeb4d37-ee27-45db-a760-6d108ba57392,Rostock,"13003","Rostock, Hanse- und Universitätsstadt","130030000","Rostock, Hanse- und Universitätsstadt","130030000000",Erich-Schlesinger-Str.,"02030",Hochbau,"31","34",2023-06-14 00:00:00+02,2025-06-28 00:00:00+02,"Sicherungsmaßnahmen entlang der Straße, Sicherungsmaßnahmen entlang des Gehwegs, Verkehrsraumeinschränkungen",Neubau Geschäftshaus
54.1354220576474,12.0509945471977,cf67293c-a63e-4491-a604-be8df370f817,Rostock,"13003","Rostock, Hanse- und Universitätsstadt","130030000","Rostock, Hanse- und Universitätsstadt","130030000000",Osloer Str.,"07360",Gebäudesanierung,"36",,2024-03-04 00:00:00+01,2024-03-23 00:00:00+01,,
54.0878029324728,12.1172717608576,d2d9d283-90de-4936-94f0-a6002d09533d,Rostock,"13003","Rostock, Hanse- und Universitätsstadt","130030000","Rostock, Hanse- und Universitätsstadt","130030000000",Barnstorfer Weg,"01120",Gebäudesanierung,"21",,2024-02-01 00:00:00+01,2024-04-13 00:00:00+02,,
54.0922188581625,12.1445668604995,d3a51ee3-6448-427e-9db4-37f82e704bb4,Rostock,"13003","Rostock, Hanse- und Universitätsstadt","130030000","Rostock, Hanse- und Universitätsstadt","130030000000",Am Strande,"00530",Hochbau,Grubenstr. (03160),Beim Wendentor (12590),2023-04-01 00:00:00+02,2025-01-01 00:00:00+01,"Sicherungsmaßnahmen entlang der Straße, Sicherungsmaßnahmen entlang des Gehwegs",Sicherung Baustellenausfahrt
54.145878826495,12.1160422019731,d52c6486-f379-461e-820d-09723900e032,Rostock,"13003","Rostock, Hanse- und Universitätsstadt","130030000","Rostock, Hanse- und Universitätsstadt","130030000000",Ost-West-Str.,"88140",Straßenbau,,,2022-03-28 00:00:00+02,2024-03-29 00:00:00+01,"halbseitige Sperrung, Sicherungsmaßnahmen entlang der Straße, Sicherungsmaßnahmen entlang des Gehwegs",Ertüchtigung Ost-West-Str. zw. Zufahrt A 19 & Gleis 666
54.085109013117,12.1100865181236,d825e4ea-2889-46d7-8e01-f7e10ee7d11c,Rostock,"13003","Rostock, Hanse- und Universitätsstadt","130030000","Rostock, Hanse- und Universitätsstadt","130030000000",Arno-Holz-Str.,"00880",Fernwärmeleitung,"9","14",2024-03-18 07:00:00+01,2024-03-28 17:00:00+01,"Sicherungsmaßnahmen entlang der Straße, Vollsperrung",Sanierung/Neubau Hausanschluss
54.0894689073996,12.1169996765825,d8415efe-5cd3-4612-a015-4da5a4d80051,Rostock,"13003","Rostock, Hanse- und Universitätsstadt","130030000","Rostock, Hanse- und Universitätsstadt","130030000000",Klosterbachstr.,"06080",Fernwärmeleitung,Margaretenstr. (06850),,2023-08-28 07:00:00+02,2024-04-13 00:00:00+02,"Sicherungsmaßnahmen entlang der Straße, Sicherungsmaßnahmen entlang des Gehwegs, Vollsperrung",Neubau FWL
54.0911329752196,12.1136771275653,d984688d-5767-4e73-8522-371f6d0cbcb3,Rostock,"13003","Rostock, Hanse- und Universitätsstadt","130030000","Rostock, Hanse- und Universitätsstadt","130030000000",Budapester Str.,"01640",Wasserleitung,"2",,2024-03-11 07:00:00+01,2024-03-22 18:00:00+01,Sicherungsmaßnahmen entlang der Straße,Reparatur Versorgungsleitung Trinkwasser
54.0873779434632,12.1271767808505,da026db3-29be-4719-a1b7-1b02b5a8139b,Rostock,"13003","Rostock, Hanse- und Universitätsstadt","130030000","Rostock, Hanse- und Universitätsstadt","130030000000",Schröderplatz,"08350",Hochbau,"2",,2024-02-14 00:00:00+01,2024-03-31 00:00:00+01,"Sicherungsmaßnahmen entlang der Straße, Vollsperrung",Be- und Entlladung für Umbau des Hotels
54.093225757343,12.0886807548127,da7a1c56-97b2-4b51-afb4-81c79fabdfd8,Rostock,"13003","Rostock, Hanse- und Universitätsstadt","130030000","Rostock, Hanse- und Universitätsstadt","130030000000",Heinrich-Schütz-Str.,"03440",Hochbau,10a,,2023-02-20 00:00:00+01,2024-07-27 00:00:00+02,"Sicherungsmaßnahmen entlang der Straße, Sicherungsmaßnahmen entlang des Gehwegs, Sperrung des Fußgängerverkehrs im Gehwegbereich",Sicherung Baufeld & Baustellenzufahrt
54.1449724592085,12.0603929613492,dc496ced-c5de-45a1-8816-358db54d715b,Rostock,"13003","Rostock, Hanse- und Universitätsstadt","130030000","Rostock, Hanse- und Universitätsstadt","130030000000",Möllner Str.,"00600",Hochbau,"11",12b,2021-10-04 07:00:00+02,2024-07-12 16:00:00+02,Sicherungsmaßnahmen entlang der Straße,
54.0804928490006,12.1265163836294,dd1f91be-b7a6-4855-a58f-d2122b005b14,Rostock,"13003","Rostock, Hanse- und Universitätsstadt","130030000","Rostock, Hanse- und Universitätsstadt","130030000000",Südring,"07400",Gleisbau,,,2022-06-09 00:00:00+02,2024-12-01 00:00:00+01,"halbseitige Sperrung, Sicherungsmaßnahmen entlang der Straße, Sicherungsmaßnahmen entlang des Gehwegs, Sperrung des Fußgängerverkehrs im Gehwegbereich, Sperrung für Fahrradverkehr, Verkehrsraumeinschränkungen",Ersatzneubau Goetheplatzbrücke
54.0839036632962,12.1146228688851,ddfdb537-e839-4dbc-a8f9-7fd1abcfcb7d,Rostock,"13003","Rostock, Hanse- und Universitätsstadt","130030000","Rostock, Hanse- und Universitätsstadt","130030000000",Fahnenstr.,"02300",Gebäudesanierung,"9",,2023-09-21 00:00:00+02,2024-04-01 00:00:00+02,"Sicherungsmaßnahmen entlang der Straße, Sicherungsmaßnahmen entlang des Gehwegs, Sperrung des Fußgängerverkehrs im Gehwegbereich",Gerüststellung & BE für Fassadensanierung
54.0815607955831,12.1357494963473,de5778b8-3445-4010-8b79-3bc3a8e761a2,Rostock,"13003","Rostock, Hanse- und Universitätsstadt","130030000","Rostock, Hanse- und Universitätsstadt","130030000000",Hermannstr.,"03550",Gebäudesanierung,"23",,2023-04-01 08:00:00+02,2024-06-02 00:00:00+02,"Sicherungsmaßnahmen entlang der Straße, Sicherungsmaßnahmen entlang des Gehwegs","Haussanierung (Gerüststellung, BE entlang des Hauses und Lieferzone)"
54.0835782966798,12.1332427399598,df6c5870-ff70-4229-8aa1-3a71f7c26e29,Rostock,"13003","Rostock, Hanse- und Universitätsstadt","130030000","Rostock, Hanse- und Universitätsstadt","130030000000",Paulstr.,"07540",Hochbau,"20",,2021-12-01 00:00:00+01,2024-06-01 00:00:00+02,"halbseitige Sperrung, Sicherungsmaßnahmen entlang der Straße, Sicherungsmaßnahmen entlang des Gehwegs, Sperrung des Fußgängerverkehrs im Gehwegbereich",Neubau MFH
54.0765518142859,12.1409247815458,df9dd373-2e39-4943-8a5e-a1d9551dcbf0,Rostock,"13003","Rostock, Hanse- und Universitätsstadt","130030000","Rostock, Hanse- und Universitätsstadt","130030000000",Lessingstr.,"06560",Straßenbau,"13",,2023-10-30 00:00:00+01,2024-06-01 00:00:00+02,"Sicherungsmaßnahmen entlang der Straße, Sicherungsmaßnahmen entlang des Gehwegs, Verkehrsraumeinschränkungen","Baustelleneinrichtung, Containerstellung"
54.1375111817335,12.0561739570268,dfac3d11-0683-4db2-b918-37d482de404e,Rostock,"13003","Rostock, Hanse- und Universitätsstadt","130030000","Rostock, Hanse- und Universitätsstadt","130030000000",Helsinkier Str.,"03480",Stromnetz,8b,,2024-03-18 07:00:00+01,2024-05-03 17:00:00+02,"Sicherungsmaßnahmen entlang der Straße, Vollsperrung",Sanierung Banhunterweg/Erneuerung Stromwandler
54.0903027796525,12.1262642925749,e186c511-69a3-401e-b898-435e0a3aa8dc,Rostock,"13003","Rostock, Hanse- und Universitätsstadt","130030000","Rostock, Hanse- und Universitätsstadt","130030000000",Haedgestr.,"03230",Gebäudesanierung,"37",,2023-10-02 00:00:00+02,2024-05-01 00:00:00+02,"Sicherungsmaßnahmen entlang der Straße, Sicherungsmaßnahmen entlang des Gehwegs, Sperrung des Fußgängerverkehrs im Gehwegbereich",Fassadenarbeiten -Gerüststellung und Baustelleneinrichtung-
54.09588247303,12.1558723136144,e1fcd9d1-a58b-40f4-af91-78be5c9bdc65,Rostock,"13003","Rostock, Hanse- und Universitätsstadt","130030000","Rostock, Hanse- und Universitätsstadt","130030000000",Bei der Knochenmühle,"01200",Kabelnetz,"10",,2023-11-27 00:00:00+01,2024-03-28 00:00:00+01,"halbseitige Sperrung, Sicherungsmaßnahmen entlang der Straße, Sicherungsmaßnahmen entlang des Gehwegs, Sperrung des Fußgängerverkehrs im Gehwegbereich",Erweiterung Glasfasernetz
54.0865823832002,12.0848013897027,e2480ee1-c738-43e5-a838-afae40c52ddb,Rostock,"13003","Rostock, Hanse- und Universitätsstadt","130030000","Rostock, Hanse- und Universitätsstadt","130030000000",Kopernikusstr.,"06170",Grünpflege,Tschaikowskistr. (09060),Johannes-Kepler-Str. (10650),2024-03-07 07:00:00+01,2024-03-31 15:00:00+02,"Sicherungsmaßnahmen entlang des Gehwegs, Sperrung des Fußgängerverkehrs im Gehwegbereich, Sperrung für Fahrradverkehr",Baumpflanzung
54.1131977762941,12.0840709854816,e38cbbb5-f900-4581-8dd9-a1e771abcd7a,Rostock,"13003","Rostock, Hanse- und Universitätsstadt","130030000","Rostock, Hanse- und Universitätsstadt","130030000000",Zum Kühlhaus,"88020",Fernwärmeleitung,"1",3a,2024-02-12 07:00:00+01,2024-03-29 17:00:00+01,"Sicherungsmaßnahmen entlang der Straße, Sicherungsmaßnahmen entlang des Gehwegs",Verlegung Fernwärmeleitung
54.0749544539959,12.1234076609778,e4be485d-5ccd-4a7f-8b79-4bc1aadf7d4d,Rostock,"13003","Rostock, Hanse- und Universitätsstadt","130030000","Rostock, Hanse- und Universitätsstadt","130030000000",Erich-Schlesinger-Str.,"02030",Hochbau,"31","34",2023-11-15 00:00:00+01,2024-11-16 00:00:00+01,Sperrung des Fußgängerverkehrs im Gehwegbereich,Errichtung Hotelkomplex
54.0946092859821,12.1038269026789,e4fdd58b-9033-4605-b1c1-251bcaf93832,Rostock,"13003","Rostock, Hanse- und Universitätsstadt","130030000","Rostock, Hanse- und Universitätsstadt","130030000000",Werftstr.,"09680",Wasserleitung,,,2023-02-20 00:00:00+01,2024-06-29 00:00:00+02,"Sicherungsmaßnahmen entlang der Straße, Sicherungsmaßnahmen entlang des Gehwegs, Verkehrsraumeinschränkungen",Sanierung Wasser/ Abwasser in versch. Bauphasen
54.0891614822721,12.1182242146283,e8752e43-3b4f-461b-a26b-26dcc487d2ea,Rostock,"13003","Rostock, Hanse- und Universitätsstadt","130030000","Rostock, Hanse- und Universitätsstadt","130030000000",Leonhardstr.,"06550",Straßenbau,"10",,2024-03-14 07:00:00+01,2024-04-12 18:00:00+02,"Sicherungsmaßnahmen entlang der Straße, Sicherungsmaßnahmen entlang des Gehwegs, Verkehrsraumeinschränkungen",Reparatur Gehweg
54.0884254098732,12.1292456713091,e9084c79-0c4b-4e9a-8307-b6cb16ca3f58,Rostock,"13003","Rostock, Hanse- und Universitätsstadt","130030000","Rostock, Hanse- und Universitätsstadt","130030000000",Kröpeliner Str.,"06290",Wasserleitung,"50",,2024-03-18 07:00:00+01,2024-03-22 15:00:00+01,Sicherungsmaßnahmen entlang des Gehwegs,Herstellung Trinkwasserbrunnen
54.0675107130517,12.1066460505961,e9df3eef-32a6-4336-bbbf-eb35905fea93,Rostock,"13003","Rostock, Hanse- und Universitätsstadt","130030000","Rostock, Hanse- und Universitätsstadt","130030000000",Am Kringelgraben,"00440",Straßenbau,,,2024-03-21 07:00:00+01,2024-03-22 18:00:00+01,"Sicherungsmaßnahmen entlang der Straße, Sicherungsmaßnahmen entlang des Gehwegs, Verkehrsraumeinschränkungen",Asphaltierung
54.0872881705114,12.1068072764499,eacf501c-d521-42ba-a980-8d199a9a2853,Rostock,"13003","Rostock, Hanse- und Universitätsstadt","130030000","Rostock, Hanse- und Universitätsstadt","130030000000",Kämmereistr.,"04280",Gebäudesanierung,"4",,2024-03-26 00:00:00+01,2024-03-27 00:00:00+01,,
54.0773663010767,12.1345010195455,eb7b4639-27ba-46ef-9337-42da67b9ec0b,Rostock,"13003","Rostock, Hanse- und Universitätsstadt","130030000","Rostock, Hanse- und Universitätsstadt","130030000000",Herweghstr.,"03570",Straßenbau,,,2024-01-22 00:00:00+01,2026-12-24 00:00:00+01,"halbseitige Sperrung, Sicherungsmaßnahmen entlang der Straße, Sicherungsmaßnahmen entlang des Gehwegs, Sperrung des Fußgängerverkehrs im Gehwegbereich","Grundhafte Sanierung in 2 Abschnitten, Herstellung Bushaltestellen"
54.0848205515717,12.1298784667792,ec2de08b-b974-4987-9b81-e91048d604cc,Rostock,"13003","Rostock, Hanse- und Universitätsstadt","130030000","Rostock, Hanse- und Universitätsstadt","130030000000",Schröderstr.,"08360",Straßenbau,"1",5a,2024-02-14 00:00:00+01,2024-03-29 00:00:00+01,"Sicherungsmaßnahmen entlang der Straße, Sicherungsmaßnahmen entlang des Gehwegs, Vollsperrung",Neubau Hausanschluss Fernwärme
54.1237735066988,12.0547654925685,ecabda72-7bb0-4ffd-82e1-1de9c6c83db0,Rostock,"13003","Rostock, Hanse- und Universitätsstadt","130030000","Rostock, Hanse- und Universitätsstadt","130030000000",Willi-Bredel-Str.,"09820",Straßenbeleuchtung,"13","23",2024-02-26 07:00:00+01,2024-04-12 18:00:00+02,"Sicherungsmaßnahmen entlang der Straße, Sicherungsmaßnahmen entlang des Gehwegs",Erneuerung Straßenbeleuchtung
54.1691985576552,12.0335793736648,ecea23d2-c496-4c8a-9073-8d9f7def4942,Rostock,"13003","Rostock, Hanse- und Universitätsstadt","130030000","Rostock, Hanse- und Universitätsstadt","130030000000",Stolteraer Weg,"08770",Gebäudesanierung,"29",,2024-03-11 07:00:00+01,2024-05-31 16:00:00+02,"Sicherungsmaßnahmen entlang des Gehwegs, Vollsperrung",Sanierungsarbeiten
54.1437060614934,12.0682192756691,ed97d983-2e87-46d8-ac5b-40a753e9cb70,Rostock,"13003","Rostock, Hanse- und Universitätsstadt","130030000","Rostock, Hanse- und Universitätsstadt","130030000000",Kleiner Warnowdamm,"06050",Hochbau,1c,1e,2022-03-07 09:00:00+01,2024-05-31 18:00:00+02,"Sicherungsmaßnahmen entlang der Straße, Sicherungsmaßnahmen entlang des Gehwegs",Neubau Mehrfamilienhaus mit Tiefgarage
54.1015750161786,12.1662989498783,ef32c45b-32ed-4e71-811e-a60f728a1d75,Rostock,"13003","Rostock, Hanse- und Universitätsstadt","130030000","Rostock, Hanse- und Universitätsstadt","130030000000",Karnickelweg,"04380",Wasserleitung,Gutenbergstr. (03190),Uhlenweg (09120),2024-03-11 07:00:00+01,2024-06-28 17:00:00+02,"halbseitige Sperrung, Sicherungsmaßnahmen entlang der Straße, Sicherungsmaßnahmen entlang des Gehwegs, Verkehrsraumeinschränkungen",Sanierung Trinkwasserleitung
54.1455304784508,12.0798907938543,ef3fa21d-0ac0-49ca-ac2a-f4da21c8dcb1,Rostock,"13003","Rostock, Hanse- und Universitätsstadt","130030000","Rostock, Hanse- und Universitätsstadt","130030000000",Segelmacherweg,"08530",Wasserleitung,"12","14",2024-03-04 07:00:00+01,2024-04-26 18:00:00+02,Sicherungsmaßnahmen entlang des Gehwegs,Sanierung Trinkwasserleitung
54.1232621634127,12.0782089177779,f0728a76-2927-45d5-b17b-3c3a0b6b905d,Rostock,"13003","Rostock, Hanse- und Universitätsstadt","130030000","Rostock, Hanse- und Universitätsstadt","130030000000",Handelsstr.,"03280",Straßenbau,,,2024-02-19 07:00:00+01,2024-10-17 17:00:00+02,"Sicherungsmaßnahmen entlang der Straße, Sicherungsmaßnahmen entlang des Gehwegs, Vollsperrung",Grundhafte Erneuerung
54.1202425348615,12.1358850674165,f0e76d12-2d70-4819-a49e-bc1b225b8c41,Rostock,"13003","Rostock, Hanse- und Universitätsstadt","130030000","Rostock, Hanse- und Universitätsstadt","130030000000",Marienroggenweg,"10680",Wasserleitung,Krummendorfer Str. (06310),,2024-03-20 07:00:00+01,2024-05-03 15:45:00+02,"Sicherungsmaßnahmen entlang der Straße, Vollsperrung",Sanierung Trinkwasserleitung
54.0686179909929,12.097411769179,f3ed2803-6b09-48a9-9a9f-2b5906880c1a,Rostock,"13003","Rostock, Hanse- und Universitätsstadt","130030000","Rostock, Hanse- und Universitätsstadt","130030000000",Damerower Weg,"01770",Wasserleitung,Neue Reihe (07220),,2022-10-04 00:00:00+02,2024-06-01 00:00:00+02,"Sicherungsmaßnahmen entlang der Straße, Sicherungsmaßnahmen entlang des Gehwegs, Sperrung des Fußgängerverkehrs im Gehwegbereich, Sperrung für Fahrradverkehr, Vollsperrung",Erneuerung TW-Leitung
54.1776702204193,12.0918282060457,f44de2ca-d733-4fc3-b1f0-31d3e1665b5f,Rostock,"13003","Rostock, Hanse- und Universitätsstadt","130030000","Rostock, Hanse- und Universitätsstadt","130030000000",Am Bahnhof,"00310",Stromnetz,"5","7",2024-03-11 07:00:00+01,2024-03-28 18:00:00+01,Sicherungsmaßnahmen entlang des Gehwegs,Anschluss Personenbahnhof
54.1762746034971,12.0880426693286,f66f9c6f-c564-4631-9eda-23485e85bb84,Rostock,"13003","Rostock, Hanse- und Universitätsstadt","130030000","Rostock, Hanse- und Universitätsstadt","130030000000",Querstr. II,"07790",Wasserleitung,,,2024-03-11 07:00:00+01,2024-04-12 15:45:00+02,"Sicherungsmaßnahmen entlang des Gehwegs, Sperrung des Fußgängerverkehrs im Gehwegbereich",Arbeiten Hausanschluss Trink- und Schmutzwasser
54.1755547370513,12.0450547653976,f7018d28-362f-4b24-be6c-1dae3b1c11d5,Rostock,"13003","Rostock, Hanse- und Universitätsstadt","130030000","Rostock, Hanse- und Universitätsstadt","130030000000",Kleiner Sommerweg,"12880",Telefonnetz,"1","15",2024-03-06 07:00:00+01,2024-04-03 18:00:00+02,Sicherungsmaßnahmen entlang des Gehwegs,Breitbandausbau
54.0714177138721,12.1114641814668,f70f406d-827a-45d5-bc59-db354902359f,Rostock,"13003","Rostock, Hanse- und Universitätsstadt","130030000","Rostock, Hanse- und Universitätsstadt","130030000000",Robert-Koch-Str.,"07990",Stromnetz,"11",,2023-12-18 00:00:00+01,2024-12-21 00:00:00+01,Sicherungsmaßnahmen entlang des Gehwegs,Errichtung einer Kabelbrücke für E-Versorgung Baustelle
54.0920082757248,12.1576809128293,fb7e6ad3-62dc-4e32-814e-3e152f05cd37,Rostock,"13003","Rostock, Hanse- und Universitätsstadt","130030000","Rostock, Hanse- und Universitätsstadt","130030000000",Petridamm,"07620",Kabelnetz,"26",,2024-02-26 00:00:00+01,2024-03-29 00:00:00+01,"Sicherungsmaßnahmen entlang der Straße, Sicherungsmaßnahmen entlang des Gehwegs, Verkehrsraumeinschränkungen",Anbindung Breitband Stadtentsorgung HRO
54.0804681106603,12.1265235445752,fd2e99b4-9ac8-4dd2-94c2-b521b6d91455,Rostock,"13003","Rostock, Hanse- und Universitätsstadt","130030000","Rostock, Hanse- und Universitätsstadt","130030000000",Südring,"07400",Gleisbau,Platz der Freundschaft (07650),Goetheplatz (02960),2022-05-04 00:00:00+02,2025-01-01 00:00:00+01,"Sicherungsmaßnahmen entlang der Straße, Sicherungsmaßnahmen entlang des Gehwegs, Verkehrsraumeinschränkungen",Baustelleneinrichtung / Belieferung für Neubau Goetheplatzbrücke
54.1514883925789,12.0808895615013,fd32f630-333c-4752-9989-8c41a8eb5b30,Rostock,"13003","Rostock, Hanse- und Universitätsstadt","130030000","Rostock, Hanse- und Universitätsstadt","130030000000",Taklerring,"08880",Hochbau,"45",,2023-06-01 00:00:00+02,2025-08-31 00:00:00+02,"Sicherungsmaßnahmen entlang der Straße, Sicherungsmaßnahmen entlang des Gehwegs, Verkehrsraumeinschränkungen",Baustraße für Neubau Hort Taklerring
